ID,Code,Scientific_Name,Serotiny,Serotiny.Source,Self.pruning,Self.pruning.Source1,Abi_Ama,Abies_amabilis,1,FEIS,5,FEIS2,Abi_Bal,Abies_balsamea,1,FEIS,NA,NA3,Abi_Con,Abies_concolor,1,FEIS,4,FEIS4,Abi_Gra,Abies_grandis,1,FEIS,4,FEIS5,Abi_Las,Abies_lasiocarpa,1,FEIS,2,FEIS6,Abi_Mag,Abies_magnifica,1,FEIS,5,FEIS7,Abi_Mag_mag,Abies_magnifica_magnifica,NA,NA,NA,NA8,Abi_Mag_sha,Abies_magnifica_shastensis,NA,NA,NA,NA9,Abi_Pro,Abies_procera,1,FEIS,5,FEIS10,Abi_Spp,Abies_spp.,0,FEIS,NA,NA11,Cal_Dec,Calocedrus_decurrens,1,FEIS,5,FEIS12,Cha_Law,Chamaecyparis_lawsonia,1,FEIS,3,FEIS13,Cha_Noo,Chamaecyparis_nootkatensis,1,FEIS,NA,NA14,Cha_Thy,Chamaecyparis_thyoides,1,FEIS,NA,NA15,Jun_Occ,Juniperus_occidentalis,1,FEIS,2,FEIS16,Jun_Sco,Juniperus_scopulorum,1,FEIS,NA,NA17,Jun_Spp,Juniperus_spp.,0,FEIS,NA,NA18,Jun_Vir,Juniperus_virginiana,1,FEIS,NA,NA19,Lar_Lar,Larix_laricina,1,FEIS,NA,NA20,Lar_Lya,Larix_lyallii,0,FEIS,10,FEIS21,Lar_Occ,Larix_occidentalis,1,FEIS,10,FEIS22,Pic_Abi,Picea_abies,0,FEIS,NA,NA23,Pic_Bre,Picea_breweriana,1,FEIS,2,FEIS24,Pic_Eng,Picea_engelmannii,1,FEIS,2,FEIS25,Pic_Gla,Picea_glauca,1,FEIS,NA,NA26,Pic_Mar,Picea_mariana,4,FEIS,NA,NA27,Pic_Rub,Picea_rubens,1,FEIS,NA,NA28,Pic_Sit,Picea_sitchensis,1,FEIS,2,FEIS29,Pic_Spp,Picea_spp.,NA,NA,NA,NA30,Pin_Alb,Pinus_albicaulis,1,Schwilk&Ackerly,1,Schwilk&Ackerly31,Pin_Att,Pinus_attenuata,10,Schwilk&Ackerly,1,Schwilk&Ackerly32,Pin_Ban,Pinus_banksiana,10,Schwilk&Ackerly,2,Schwilk&Ackerly33,Pin_Cla,Pinus_clausa,10,Schwilk&Ackerly,1,Schwilk&Ackerly34,Pin_Con,Pinus_contorta,4,Schwilk&Ackerly,3,Schwilk&Ackerly35,Pin_Con_bol,Pinus_contorta_bolanderi,NA,NA,NA,NA36,Pin_Con_con,Pinus_contorta_contorta,4,Schwilk&Ackerly,3,Schwilk&Ackerly37,Pin_Con_lat,Pinus_contorta_latifolia,7,Schwilk&Ackerly,3,Schwilk&Ackerly38,Pin_Con_mur,Pinus_contorta_murrayana,1,Schwilk&Ackerly,3,Schwilk&Ackerly39,Pin_Cou,Pinus_coulteri,3,Schwilk&Ackerly,1,Schwilk&Ackerly40,Pin_Ech,Pinus_echinata,1,Schwilk&Ackerly,4,Schwilk&Ackerly41,Pin_Edu,Pinus_edulis,1,Schwilk&Ackerly,1,Schwilk&Ackerly42,Pin_Ell,Pinus_elliottii,1,Schwilk&Ackerly,5,Schwilk&Ackerly43,Pin_Fle,Pinus_flexilis,1,Schwilk&Ackerly,2,Schwilk&Ackerly44,Pin_Gla,Pinus_glabra,1,Schwilk&Ackerly,NA,NA45,Pin_Jef,Pinus_jeffreyi,1,Schwilk&Ackerly,10,Schwilk&Ackerly46,Pin_Lam,Pinus_lambertiana,1,Schwilk&Ackerly,10,Schwilk&Ackerly47,Pin_Mon3,Pinus_monticola,1,Schwilk&Ackerly,6,Schwilk&Ackerly48,Pin_Pal,Pinus_palustris,1,Schwilk&Ackerly,10,Schwilk&Ackerly49,Pin_Pon,Pinus_ponderosa,1,Schwilk&Ackerly,10,Schwilk&Ackerly50,Pin_Pon_bra,Pinus_ponderosa_brachyptera,0,Schwilk&Ackerly,NA,NA51,Pin_Pon_cri,Pinus_ponderosa_critchfieldiana,1,Schwilk&Ackerly,10,Schwilk&Ackerly52,Pin_Pon_pon,Pinus_ponderosa_ponderosa,0,Schwilk&Ackerly,NA,NA53,Pin_Pon_sco,Pinus_ponderosa_scopulorum,0,Schwilk&Ackerly,NA,NA54,Pin_Pun,Pinus_pungens,10,Schwilk&Ackerly,4,Schwilk&Ackerly55,Pin_Rad,Pinus_radiata,10,Schwilk&Ackerly,2,Schwilk&Ackerly56,Pin_Res,Pinus_resinosa,1,Schwilk&Ackerly,7,Schwilk&Ackerly57,Pin_Rig,Pinus_rigida,10,Schwilk&Ackerly,3,Schwilk&Ackerly58,Pin_Sab,Pinus_sabiniana,3,Schwilk&Ackerly,5,Schwilk&Ackerly59,Pin_Ser,Pinus_serotina,10,Schwilk&Ackerly,1,Schwilk&Ackerly60,Pin_Spp,Pinus_spp.,NA,NA,NA,NA61,Pin_Str,Pinus_strobus,1,Schwilk&Ackerly,3,Schwilk&Ackerly62,Pin_Syl,Pinus_sylvestris,0,Schwilk&Ackerly,NA,NA63,Pin_Tae,Pinus_taeda,1,Schwilk&Ackerly,8,Schwilk&Ackerly64,Pin_Vir,Pinus_virginiana,10,Schwilk&Ackerly,2,Schwilk&Ackerly65,Pse_Men,Pseudotsuga_menziesii,1,FEIS,5,FEIS66,Seq_Gig,Sequoiadendron_giganteum,5,FEIS,8,FEIS67,Seq_Sem,Sequoia_sempervirens,1,FEIS,5,FEIS68,Tax_Bre,Taxus_brevifolia,0,FEIS,NA,NA69,Tax_Dis,Taxodium_distichum,0,FEIS,NA,NA70,Thu_Occ,Thuja_occidentalis,0,FEIS,NA,NA71,Thu_Pli,Thuja_plicata,1,FEIS,5,FEIS72,Tor_Cal,Torreya_californica,1,FEIS,5,FEIS73,Tsu_Can,Tsuga_canadensis,0,FEIS,NA,NA74,Tsu_Het,Tsuga_heterophylla,1,FEIS,4,FEIS75,Tsu_Mer,Tsuga_mertensiana,1,FEIS,5,FEIS76,Tsu_Spp,Tsuga_spp.,0,FEIS,NA,NA77,Ace_Bar,Acer_barbatum,NA,NA,NA,NA78,Ace_Gla,Acer_glabrum,NA,NA,NA,NA79,Ace_Mac,Acer_macrophyllum,NA,NA,NA,NA80,Ace_Neg,Acer_negundo,NA,NA,NA,NA81,Ace_Nig,Acer_nigrum,NA,NA,NA,NA82,Ace_Pen,Acer_pensylvanicum,NA,NA,NA,NA83,Ace_Rub,Acer_rubrum,NA,NA,NA,NA84,Ace_Sac2,Acer_saccharinum,NA,NA,NA,NA85,Ace_Sac3,Acer_saccharum,NA,NA,NA,NA86,Ace_Spp,Acer_spp.,NA,NA,NA,NA87,Aes_Cal,Aesculus_californica,NA,NA,NA,NA88,Aes_Gla,Aesculus_glabra,NA,NA,NA,NA89,Aes_Oct,Aesculus_octandra,NA,NA,NA,NA90,Aes_Spp,Aesculus_spp.,NA,NA,NA,NA91,Ail_Alt,Ailanthus_altissima,NA,NA,NA,NA92,Aln_Rho,Alnus_rhombifolia,NA,NA,NA,NA93,Aln_Rub,Alnus_rubra,NA,NA,NA,NA94,Ame_Spp,Amelanchier_spp.,NA,NA,NA,NA95,Arb_Men,Arbutus_menziesii,NA,NA,NA,NA96,Bet_All,Betula_alleghaniensis,NA,NA,NA,NA97,Bet_Len,Betula_lenta,NA,NA,NA,NA98,Bet_Nig,Betula_nigra,NA,NA,NA,NA99,Bet_Occ,Betula_occidentalis,NA,NA,NA,NA100,Bet_Pap,Betula_papyrifera,NA,NA,NA,NA101,Bet_Pop,Betula_populifolia,NA,NA,NA,NA102,Bet_Spp,Betula_spp.,NA,NA,NA,NA103,Car_Alb,Carya_alba,NA,NA,NA,NA104,Car_Aqu,Carya_aquatica,NA,NA,NA,NA105,Car_Car,Carpinus_caroliniana,NA,NA,NA,NA106,Car_Cor,Carya_cordiformis,NA,NA,NA,NA107,Car_Gla,Carya_glabra,NA,NA,NA,NA108,Car_Ill,Carya_illinoensis,NA,NA,NA,NA109,Car_Lac,Carya_laciniosa,NA,NA,NA,NA110,Car_Ova,Carya_ovata,NA,NA,NA,NA111,Car_Spp,Carya_spp.,NA,NA,NA,NA112,Car_Tex,Carya_texana,NA,NA,NA,NA113,Car_Tom,Carya_tomentosa,NA,NA,NA,NA114,Cas_Den,Castanea_dentata,NA,NA,NA,NA115,Cat_Spp,Catalpa_spp.,NA,NA,NA,NA116,Cel_Lae,Celtis_laevigata,NA,NA,NA,NA117,Cel_Occ,Celtis_occidentalis,NA,NA,NA,NA118,Cel_Spp,Celtis_spp.,NA,NA,NA,NA119,Cer_Bet,Cercocarpus_betuloides,NA,NA,NA,NA120,Cer_Can,Cercis_canadensis,NA,NA,NA,NA121,Cer_Led,Cercocarpus_ledifolius,NA,NA,NA,NA122,Chr_Chr,Chrysolepis_chrysophylla,NA,NA,NA,NA123,Cor_Flo,Cornus_florida,NA,NA,NA,NA124,Cor_Nut,Cornus_nuttallii,NA,NA,NA,NA125,Cra_Spp,Crataegus_spp.,NA,NA,NA,NA126,Fag_Gra,Fagus_grandifolia,NA,NA,NA,NA127,Fra_Ame,Fraxinus_americana,NA,NA,NA,NA128,Fra_Lat,Fraxinus_latifolia,NA,NA,NA,NA129,Fra_Nig,Fraxinus_nigra,NA,NA,NA,NA130,Fra_Pen,Fraxinus_pennsylvanica,NA,NA,NA,NA131,Fra_Pro,Fraxinus_profunda,NA,NA,NA,NA132,Fra_Qua,Fraxinus_quadrangulata,NA,NA,NA,NA133,Fra_Spp,Fraxinus_spp.,NA,NA,NA,NA134,Gle_Tri,Gleditsia_triacanthos,NA,NA,NA,NA135,Gor_Las,Gordonia_lasianthus,NA,NA,NA,NA136,Gym_Dio,Gymnocladus_dioicus,NA,NA,NA,NA137,Hal_Spp,Halesia_spp.,NA,NA,NA,NA138,Ile_Opa,Ilex_opaca,NA,NA,NA,NA139,Jug_Cin,Juglans_cinerea,NA,NA,NA,NA140,Jug_Nig,Juglans_nigra,NA,NA,NA,NA141,Jug_Spp,Juglans_spp.,NA,NA,NA,NA142,Liq_Sty,Liquidambar_styraciflua,NA,NA,NA,NA143,Lir_Tul,Liriodendron_tulipifera,NA,NA,NA,NA144,Lit_Den,Lithocarpus_densiflorus,NA,NA,NA,NA145,Mac_Pom,Maclura_pomifera,NA,NA,NA,NA146,Mag_Acu,Magnolia_acuminata,NA,NA,NA,NA147,Mag_Gra,Magnolia_grandiflora,NA,NA,NA,NA148,Mag_Mac,Magnolia_macrophylla,NA,NA,NA,NA149,Mag_Spp,Magnolia_spp.,NA,NA,NA,NA150,Mag_Vir,Magnolia_virginiana,NA,NA,NA,NA151,Mal_Spp,Malus_spp.,NA,NA,NA,NA152,Mor_Spp,Morus_spp.,NA,NA,NA,NA153,Nys_Aqu,Nyssa_aquatica,NA,NA,NA,NA154,Nys_Bif,Nyssa_biflora,NA,NA,NA,NA155,Nys_Spp,Nyssa_spp.,NA,NA,NA,NA156,Nys_Syl,Nyssa_sylvatica,NA,NA,NA,NA157,Ost_Vir,Ostrya_virginiana,NA,NA,NA,NA158,Oxy_Arb,Oxydendrum_arboreum,NA,NA,NA,NA159,Pau_Tom,Paulownia_tomentosa,NA,NA,NA,NA160,Per_Bor,Persea_borbonia,NA,NA,NA,NA161,Pla_Occ,Platanus_occidentalis,NA,NA,NA,NA162,Pla_Rac,Platanus_racemosa,NA,NA,NA,NA163,Pop_Bal,Populus_balsamifera,NA,NA,NA,NA164,Pop_Del,Populus_deltoides,NA,NA,NA,NA165,Pop_Fre,Populus_fremontii,NA,NA,NA,NA166,Pop_Gra,Populus_grandidentata,NA,NA,NA,NA167,Pop_Het,Populus_heterophylla,NA,NA,NA,NA168,Pop_Spp,Populus_spp.,NA,NA,NA,NA169,Pop_Tre,Populus_tremuloides,NA,NA,NA,NA170,Pop_Tri,Populus_trichocarpa,NA,NA,NA,NA171,Pru_Ema,Prunus_emarginata,NA,NA,NA,NA172,Pru_Pen,Prunus_pensylvanica,NA,NA,NA,NA173,Pru_Ser,Prunus_serotina,NA,NA,NA,NA174,Pru_Spp,Prunus_spp.,NA,NA,NA,NA175,Pru_Vir,Prunus_virginiana,NA,NA,NA,NA176,Que_Agr,Quercus_agrifolia,NA,NA,NA,NA177,Que_Alb,Quercus_alba,NA,NA,NA,NA178,Que_Bic,Quercus_bicolor,NA,NA,NA,NA179,Que_Chr,Quercus_chrysolepsis,NA,NA,NA,NA180,Que_Coc,Quercus_coccinea,NA,NA,NA,NA181,Que_Dou,Quercus_douglasii,NA,NA,NA,NA182,Que_Ell,Quercus_ellipsoidalis,NA,NA,NA,NA183,Que_Eng,Quercus_engelmanni,NA,NA,NA,NA184,Que_Fal,Quercus_falcata,NA,NA,NA,NA185,Que_Gar,Quercus_garryana,NA,NA,NA,NA186,Que_Imb,Quercus_imbricaria,NA,NA,NA,NA187,Que_Kel,Quercus_kelloggii,NA,NA,NA,NA188,Que_Lae,Quercus_laevis,NA,NA,NA,NA189,Que_Lau,Quercus_laurifolia,NA,NA,NA,NA190,Que_Lob,Quercus_lobata,NA,NA,NA,NA191,Que_Lyr,Quercus_lyrata,NA,NA,NA,NA192,Que_Mac,Quercus_macrocarpa,NA,NA,NA,NA193,Que_Mar,Quercus_marilandica,NA,NA,NA,NA194,Que_Mar,Quercus_marilandica,NA,NA,NA,NA195,Que_Mic,Quercus_michauxii,NA,NA,NA,NA196,Que_Mue,Quercus_muehlenbergii,NA,NA,NA,NA197,Que_Nig,Quercus_nigra,NA,NA,NA,NA198,Que_Nut,Quercus_nutallii,NA,NA,NA,NA199,Que_Pag,Quercus_pagoda,NA,NA,NA,NA200,Que_Pal,Quercus_palustris,NA,NA,NA,NA201,Que_Phe,Quercus_phellos,NA,NA,NA,NA202,Que_Rub,Quercus_rubra,NA,NA,NA,NA203,Que_Shu,Quercus_shumardii,NA,NA,NA,NA204,Que_Spp,Quercus_spp.,NA,NA,NA,NA205,Que_Ste,Quercus_stellata,NA,NA,NA,NA206,Que_Vel,Quercus_velutina,NA,NA,NA,NA207,Que_Vir,Quercus_virginiana,NA,NA,NA,NA208,Que_Wis,Quercus_wislizenii,NA,NA,NA,NA209,Rob_Pse,Robinia_pseudoacacia,NA,NA,NA,NA210,Sal_Eri,Salix_eriocephala,NA,NA,NA,NA211,Sal_Nig,Salix_nigra,NA,NA,NA,NA212,Sal_Spp,Salix_spp.,NA,NA,NA,NA213,Sas_Alb,Sassafras_albidum,NA,NA,NA,NA214,Sor_Ame,Sorbus_americana,NA,NA,NA,NA215,Til_Ame,Tilia_americana,NA,NA,NA,NA216,Til_Het,Tilia_heterophylla,NA,NA,NA,NA217,Til_Spp,Tilia_spp.,NA,NA,NA,NA218,Ulm_Ala,Ulmus_alata,NA,NA,NA,NA219,Ulm_Ame,Ulmus_americana,NA,NA,NA,NA220,Ulm_Pum,Ulmus_pumilia,NA,NA,NA,NA221,Ulm_Rub,Ulmus_rubra,NA,NA,NA,NA222,Ulm_Spp,Ulmus_spp.,NA,NA,NA,NA223,Ulm_Tho,Ulmus_thomasii,NA,NA,NA,NA224,Umb_Cal,Umbellularia_californica,NA,NA,NA,NA225,Abi_Fra,Abies_fraseri,NA,NA,NA,NA226,Abi_Sha,Abies_shastensis,NA,NA,NA,NA227,Aca_Far,Acacia_farnesiana,NA,NA,NA,NA228,Ace_Leu,Acer_leucoderme,NA,NA,NA,NA229,Ace_Pla,Acer_platanoides,NA,NA,NA,NA230,Ace_Spi,Acer_spicatum,NA,NA,NA,NA231,Aes_Fla,Aesculus_flava,NA,NA,NA,NA232,Aes_Syl,Aesculus_sylvatica,NA,NA,NA,NA233,Alb_Jul,Albizia_julibrissin,NA,NA,NA,NA234,Aln_Glu,Alnus_glutinosa,NA,NA,NA,NA235,Aln_Spp,Alnus_spp.,NA,NA,NA,NA236,Ame_Arb,Amelanchier_arborea,NA,NA,NA,NA237,Ame_San,Amelanchier_sanguinea,NA,NA,NA,NA238,Ann_Gla,Annona_glabra,NA,NA,NA,NA239,Arb_Xal,Arbutus_xalapensis,NA,NA,NA,NA240,Asi_Tri,Asimina_triloba,NA,NA,NA,NA241,Avi_Ger,Avicennia_germinans,NA,NA,NA,NA242,Bur_Sim,Bursera_simaruba,NA,NA,NA,NA243,Car_Myr,Carya_myristiciformis,NA,NA,NA,NA244,Car_Pal,Carya_pallida,NA,NA,NA,NA245,Cas_Lep,Casuarina_lepidophloia,NA,NA,NA,NA246,Cas_Mol,Castanea_mollissima,NA,NA,NA,NA247,Cas_Pum,Castanea_pumila,NA,NA,NA,NA248,Cas_Spp,Castanea_spp.,NA,NA,NA,NA249,Cat_Big,Catalpa_bignonioides,NA,NA,NA,NA250,Cat_Spe,Catalpa_speciosa,NA,NA,NA,NA251,Cin_Cam,Cinnamomum_camphora,NA,NA,NA,NA252,Cit_Spp,Citrus_spp.,NA,NA,NA,NA253,Cla_Ken,Cladrastis_kentukea,NA,NA,NA,NA254,Con_Ere,Conocarpus_erectus,NA,NA,NA,NA255,Con_Hoo,Condalia_hookeri,NA,NA,NA,NA256,Cot_Obo,Cotinus_obovatus,NA,NA,NA,NA257,Cra_Cru,Crataegus_crus-galli,NA,NA,NA,NA258,Cra_Mol,Crataegus_mollis,NA,NA,NA,NA259,Dio_Spp,Diospyros_spp.,NA,NA,NA,NA260,Dio_Tex,Diospyros_texana,NA,NA,NA,NA261,Dio_Vir,Diospyros_virginiana,NA,NA,NA,NA262,Ehr_Ana,Ehretia_anacua,NA,NA,NA,NA263,Ela_Ang,Elaeagnus_angustifolia,NA,NA,NA,NA264,Euc_Gra,Eucalyptus_grandis,NA,NA,NA,NA265,Euc_Spp,Eucalyptus_spp.,NA,NA,NA,NA266,Eug_Rho,Eugenia_rhombea,NA,NA,NA,NA267,Fic_Aur,Ficus_aurea,NA,NA,NA,NA268,Fra_Car,Fraxinus_caroliniana,NA,NA,NA,NA269,Fra_Tex,Fraxinus_texensis,NA,NA,NA,NA270,Gin_Bil,Ginkgo_biloba,NA,NA,NA,NA271,Gle_Aqu,Gleditsia_aquatica,NA,NA,NA,NA272,Gle_Spp,Gleditsia_spp.,NA,NA,NA,NA273,Hal_Car,Halesia_carolina,NA,NA,NA,NA274,Hal_Dip,Halesia_diptera,NA,NA,NA,NA275,Jug_Maj,Juglans_major,NA,NA,NA,NA276,Jug_Mic,Juglans_microcarpa,NA,NA,NA,NA277,Jun_Ash,Juniperus_ashei,NA,NA,NA,NA278,Jun_Coa,Juniperus_coahuilensis,NA,NA,NA,NA279,Jun_Dep,Juniperus_deppeana,NA,NA,NA,NA280,Jun_Fla,Juniperus_flaccida,NA,NA,NA,NA281,Jun_Mon,Juniperus_monosperma,NA,NA,NA,NA282,Jun_Ost,Juniperus_osteosperma,NA,NA,NA,NA283,Jun_Pin,Juniperus_pinchotii,NA,NA,NA,NA284,Lag_Rac,Laguncularia_racemosa,NA,NA,NA,NA285,Lar_Spp,Larix_spp.,NA,NA,NA,NA286,Mag_Fra,Magnolia_fraseri,NA,NA,NA,NA287,Mag_Tri,Magnolia_tripetala,NA,NA,NA,NA288,Mal_Ang,Malus_angustifolia,NA,NA,NA,NA289,Mal_Cor,Malus_coronaria,NA,NA,NA,NA290,Mal_Fus,Malus_fusca,NA,NA,NA,NA291,Mal_Ioe,Malus_ioensis,NA,NA,NA,NA292,Mel_Aze,Melia_azedarach,NA,NA,NA,NA293,Mel_Qui,Melaleuca_quinquenervia,NA,NA,NA,NA294,Met_Tox,Metopium_toxiferum,NA,NA,NA,NA295,Mor_Alb,Morus_alba,NA,NA,NA,NA296,Mor_Mic,Morus_microphylla,NA,NA,NA,NA297,Mor_Rub,Morus_rubra,NA,NA,NA,NA298,Nys_Oge,Nyssa_ogeche,NA,NA,NA,NA299,Per_Spp,Persea_spp.,NA,NA,NA,NA300,Pic_Pun,Picea_pungens,NA,NA,NA,NA301,Pin_Cem,Pinus_cembroides,NA,NA,NA,NA302,Pin_Mon1,Pinus_monophylla,NA,NA,NA,NA303,Pin_Nig,Pinus_nigra,NA,NA,NA,NA304,Pin_Rem,Pinus_remota,NA,NA,NA,NA305,Pis_Pis,Piscidia_piscipula,NA,NA,NA,NA306,Pla_Aqu,Planera_aquatica,NA,NA,NA,NA307,Pla_Spp,Platanus_spp.,NA,NA,NA,NA308,Pop_Alb,Populus_alba,NA,NA,NA,NA309,Pop_Nig,Populus_nigra,NA,NA,NA,NA310,Pro_Gla,Prosopis_glandulosa,NA,NA,NA,NA311,Pro_Pub,Prosopis_pubescens,NA,NA,NA,NA312,Pro_Spp,Prosopis_spp.,NA,NA,NA,NA313,Pru_Ame,Prunus_americana,NA,NA,NA,NA314,Pru_Avi,Prunus_avium,NA,NA,NA,NA315,Pru_Nig,Prunus_nigra,NA,NA,NA,NA316,Pru_Per,Prunus_persica,NA,NA,NA,NA317,Que_Emo,Quercus_emoryi,NA,NA,NA,NA318,Que_Gam,Quercus_gambelii,NA,NA,NA,NA319,Que_Gri,Quercus_grisea,NA,NA,NA,NA320,Que_Hyp,Quercus_hypoleucoides,NA,NA,NA,NA321,Que_Ili,Quercus_ilicifolia,NA,NA,NA,NA322,Que_Inc,Quercus_incana,NA,NA,NA,NA323,Que_Min,Quercus_minima,NA,NA,NA,NA324,Que_Ogl,Quercus_oglethorpensis,NA,NA,NA,NA325,Que_Pri,Quercus_prinus,NA,NA,NA,NA326,Que_Sim,Quercus_similis,NA,NA,NA,NA327,Que_Sin,Quercus_sinuata,NA,NA,NA,NA328,Que_Tex,Quercus_texana,NA,NA,NA,NA329,Rhi_Man,Rhizophora_mangle,NA,NA,NA,NA330,Roy_Spp,Roystonea_spp.,NA,NA,NA,NA331,Sab_Pal,Sabal_palmetto,NA,NA,NA,NA332,Sal_Alb,Salix_alba,NA,NA,NA,NA333,Sal_Amy,Salix_amygdaloides,NA,NA,NA,NA334,Sal_Beb,Salix_bebbiana,NA,NA,NA,NA335,Sal_Car,Salix_caroliniana,NA,NA,NA,NA336,Sal_Sep,Salix_sepulcralis,NA,NA,NA,NA337,Sap_Sap,Sapindus_saponaria,NA,NA,NA,NA338,Sid_Lan,Sideroxylon_lanuginosum,NA,NA,NA,NA339,Sor_Auc,Sorbus_aucuparia,NA,NA,NA,NA340,Syz_Cum,Syzygium_cumini,NA,NA,NA,NA341,Tam_Spp,Tamarix_spp.,NA,NA,NA,NA342,Tax_Asc,Taxodium_ascendens,NA,NA,NA,NA343,Thr_Mor,Thrinax_morrisii,NA,NA,NA,NA344,Tre_Bro,Tree_broadleaf,NA,NA,NA,NA345,Tre_Eve,Tree_evergreen,NA,NA,NA,NA346,Tre_Unk,Tree_unknown,NA,NA,NA,NA347,Tri_Seb,Triadica_sebifera,NA,NA,NA,NA348,Tsu_Car,Tsuga_caroliniana,NA,NA,NA,NA349,Ulm_Cra,Ulmus_crassifolia,NA,NA,NA,NA350,Ulm_Ser,Ulmus_serotina,NA,NA,NA,NA351,Ver_For,Vernicia_fordii,NA,NA,NA,NA